{"Sales Index":{"HYDE PARK MAIN 6-ROW T\/H":100.0,"AFTON OAKS":31.3131313131,"HIGHLAND VLG\/LYNN PARK ANNEX":25.2525252525,"ROYDEN OAKS":11.1111111111,"RIVER OAKS PT. 7,8":22.2222222222},"Crime Index":{"HYDE PARK MAIN 6-ROW T\/H":24.3377722548,"AFTON OAKS":15.9878419453,"HIGHLAND VLG\/LYNN PARK ANNEX":15.9878419453,"ROYDEN OAKS":15.9878419453,"RIVER OAKS PT. 7,8":15.9878419453},"School Rating Index":{"HYDE PARK MAIN 6-ROW T\/H":63.3057090239,"AFTON OAKS":80.9190031153,"HIGHLAND VLG\/LYNN PARK ANNEX":90.2604166667,"ROYDEN OAKS":87.2685185185,"RIVER OAKS PT. 7,8":75.0},"Acreage Index":{"HYDE PARK MAIN 6-ROW T\/H":7.7909104559,"AFTON OAKS":34.5036663618,"HIGHLAND VLG\/LYNN PARK ANNEX":27.0952768114,"ROYDEN OAKS":29.0441856166,"RIVER OAKS PT. 7,8":27.4693692331},"SQ_FT Index":{"HYDE PARK MAIN 6-ROW T\/H":8.56087281e-16,"AFTON OAKS":0.0,"HIGHLAND VLG\/LYNN PARK ANNEX":0.0,"ROYDEN OAKS":4.548621429e-16,"RIVER OAKS PT. 7,8":4.652485714e-16},"Flood Risk Index":{"HYDE PARK MAIN 6-ROW T\/H":0.0,"AFTON OAKS":0.0,"HIGHLAND VLG\/LYNN PARK ANNEX":0.0,"ROYDEN OAKS":0.0,"RIVER OAKS PT. 7,8":0.0},"Valuation Index":{"HYDE PARK MAIN 6-ROW T\/H":7.6420061654,"AFTON OAKS":16.4331135135,"HIGHLAND VLG\/LYNN PARK ANNEX":52.6236125755,"ROYDEN OAKS":12.8037847791,"RIVER OAKS PT. 7,8":19.5354244083},"Score":{"HYDE PARK MAIN 6-ROW T\/H":66.7619310139,"AFTON OAKS":62.4851992797,"HIGHLAND VLG\/LYNN PARK ANNEX":62.2215265501,"ROYDEN OAKS":56.9761816423,"RIVER OAKS PT. 7,8":56.3739933215},"total_appraised_value_2019":{"HYDE PARK MAIN 6-ROW T\/H":542269.5009208103,"AFTON OAKS":799890.046728972,"HIGHLAND VLG\/LYNN PARK ANNEX":752004.7875,"ROYDEN OAKS":900065.5277777778,"RIVER OAKS PT. 7,8":950000.0}}